Business Name,Company Type,Rating,Reviews,Address,Phone Number,Website,Email,Instagram,LinkedIn,Facebook,URL
Perdigon Roofing,Roofing contractor,5.0,42,"1910 NE 120th St, Seattle, WA 98125",'+12067506653,http://www.perdigonroofing.com/,colin@perdigonroofing.com,https://www.instagram.com/perdigon_roofing/,https://www.linkedin.com/company/perdigon-roofing,https://www.facebook.com/Perdigonroofing/,https://www.google.com/maps/place/Perdigon+Roofing/data=!4m7!3m6!1s0x4af696903071d8b1:0x57cbbf5febc621bd!8m2!3d47.7159104!4d-122.3081393!16s%2Fg%2F11txg0jbhv!19sChIJsdhxMJCW9koRvSHG61-_y1c?authuser=0&hl=en&rclk=1
Rainier Roofing Company,Roofing contractor,4.8,149,"2104 S Plum St, Seattle, WA 98144",'+12063478191,https://www.rainierroofingcompany.com/,"jared@rainierroofingcompany.com, andrewv@rainierroofingcompany.com, michael@rainierroofingcompany.com",https://www.instagram.com/rainierroofingcompany,http://www.linkedin.com/shareArticle?mini=true&url=https://www.rainierroofingcompany.com/&title=Share%20Us,https://www.facebook.com/Rainierroofing/,https://www.google.com/maps/place/Rainier+Roofing+Company/data=!4m7!3m6!1s0x549015a1ef774583:0xe7573e6e562a29e6!8m2!3d47.5856551!4d-122.3052215!16s%2Fg%2F11h3l5z0j6!19sChIJg0V376EVkFQR5ikqVm4-V-c?authuser=0&hl=en&rclk=1
A Better Roofing Company,Roofing contractor,4.8,105,"4126 Airport Wy S, Seattle, WA 98108",'+12069351575,https://www.abetterroofing.com/?utm_source=google&utm_medium=GMB&utm_campaign=profile,abr@abetterroofing.com,,https://www.linkedin.com/shareArticle?mini=true&url=https%3A%2F%2Fwww.abetterroofing.com%2Fpf%2Fcreative-projeck%2F&title=&summary=,https://www.facebook.com/sharer/sharer.php?u=https%3A%2F%2Fwww.abetterroofing.com%2Fpf%2Fcreative-projeck%2F,https://www.google.com/maps/place/A+Better+Roofing+Company/data=!4m7!3m6!1s0x549041d16e011c67:0x3186c3cbcbd74eeb!8m2!3d47.5667278!4d-122.3223804!16s%2Fg%2F1tj7393n!19sChIJZxwBbtFBkFQR607Xy8vDhjE?authuser=0&hl=en&rclk=1
Three Tree Roofing,Roofing contractor,5.0,75,"1455 Leary Wy NW, Seattle, WA 98107",'+12062103300,https://www.threetreeroofing.com/contact-three-tree-roofing/three-tree-roofing-seattle-company-office/,,,,,https://www.google.com/maps/place/Three+Tree+Roofing/data=!4m7!3m6!1s0x5490157cea929217:0xf675bd88f5dee165!8m2!3d47.6635424!4d-122.3758284!16s%2Fg%2F11s7rk1459!19sChIJF5KS6nwVkFQRZeHe9Yi9dfY?authuser=0&hl=en&rclk=1
King Quality Roofing,Roofing contractor,5.0,176,"12628 14th Ave S, Seattle, WA 98168",'+18008605899,https://kingqualityroofing.com/,,,,,https://www.google.com/maps/place/King+Quality+Roofing/data=!4m7!3m6!1s0x6abfbb928a8f561:0xaec792ccfba03b55!8m2!3d47.4894124!4d-122.3150918!16s%2Fg%2F11lp07q_6w!19sChIJYfWoKLn7qwYRVTug-8ySx64?authuser=0&hl=en&rclk=1
Absolute Quality Roof Restoration,Roofing contractor,5.0,51,"44th Pl NE, Seattle, WA 98115",'+12066048098,http://www.absolutequalityroof.com/,absolutequalityrr@gmail.com,,,,https://www.google.com/maps/place/Absolute+Quality+Roof+Restoration/data=!4m7!3m6!1s0x54906ab43fffffff:0x7fce3e7753c3dd51!8m2!3d47.6599668!4d-122.3417647!16s%2Fg%2F1td17k4_!19sChIJ____P7RqkFQRUd3DU3c-zn8?authuser=0&hl=en&rclk=1
Greater Seattle roofing and construction,Roofing contractor,5.0,47,"4500 9th Ave NE Suite 300, Seattle, WA 98105",'+12065792091,https://greaterseattleroofing.com/,greaterseattleroofing@gmail.com,,,https://www.facebook.com/share/1E2RGEsdVz/?mibextid=wwXIfr,https://www.google.com/maps/place/Greater+Seattle+roofing+and+construction/data=!4m7!3m6!1s0x43c63fef4e44f585:0x822aa28793d272ce!8m2!3d47.661643!4d-122.3180588!16s%2Fg%2F11x2szx6r_!19sChIJhfVETu8_xkMRznLSk4eiKoI?authuser=0&hl=en&rclk=1
Valentine Roofing,Roofing contractor,4.8,1247,"400 Industry Dr Suite 130, Tukwila, WA 98188",'+12065580611,https://valentineroof.com/?=gbp&utm_campaign=gmb,,https://www.instagram.com/valentineroofing/,,https://www.facebook.com/valentineroofing,https://www.google.com/maps/place/Valentine+Roofing/data=!4m7!3m6!1s0x54905dff8a204693:0x7c87b06d54d64996!8m2!3d47.4542805!4d-122.2494952!16s%2Fg%2F11fslwwrzv!19sChIJk0Ygiv9dkFQRlknWVG2wh3w?authuser=0&hl=en&rclk=1
NearMe Roofing Company,Roofing contractor,5.0,303,"16915 NE 22 Pl, Bellevue, WA 98008",'+12064874380,http://www.nearmeroofingcompany.com/,contact@nearmeroofingcompany.com,https://www.instagram.com/nearmeroofingco/,,https://www.facebook.com/NearMeRoofingCompany/?view_public_for=102111221658312,https://www.google.com/maps/place/NearMe+Roofing+Company/data=!4m7!3m6!1s0x54906da065dce667:0x3ec8660ad1f0c0f2!8m2!3d47.6305218!4d-122.2017099!16s%2Fg%2F11hnzp_3j4!19sChIJZ-bcZaBtkFQR8sDw0QpmyD4?authuser=0&hl=en&rclk=1
Trade Roofing,Roofing contractor,5.0,12,"4730 University Wy NE Suite 104 PMB 2914, Seattle, WA 98105",'+12063398545,https://traderoofing.com/,contact@traderoofing.com,https://www.instagram.com/traderoofing/,https://www.linkedin.com/company/trade-roofing/,https://www.facebook.com/traderoofing,https://www.google.com/maps/place/Trade+Roofing/data=!4m7!3m6!1s0x54901461d88a2a67:0x7c08eb2b857114c6!8m2!3d47.663955!4d-122.312758!16s%2Fg%2F11qgylmy_m!19sChIJZyqK2GEUkFQRxhRxhSvrCHw?authuser=0&hl=en&rclk=1
